{
"forecastTime":"Jan 28, 2016 1:00:00 PM",
"forecastTimeIso":"2016-01-28 13:00:00",
"parameterValues":{
	"CLOUDS_LOW":[
		0.679718,0.73828125,0.0,0.0,0.0,0.0,0.0,0.0,0.0,0.0,0.0,0.0,0.0,0.0,0.0,0.0,0.0,0.0,0.0,0.0,0.0,0.0,0.0,0.0,0.0,0.0,0.0,0.0,0.0,0.0,0.0,0.0,0.0,0.0,0.0,0.0,0.0,0.0,0.0,0.0,0.0,0.0,0.0,0.0,0.0,0.0,0.0,0.0,0.0,0.0,0.0,0.0,0.0,0.0,0.0],
	"CLOUDS_HIGH":[
		0.589859,0.5078125,0.55078125,0.32421875,0.3359375,0.5625,0.6680496,0.67229694,0.7582799,0.7547255,0.7822167,0.77071273,0.7890625,0.80859375,0.8125,0.6484375,0.4375,0.88671875,0.3203125,0.28515625,0.03515625,0.16015625,0.0,0.0,0.01171875,0.5,0.4296875,0.4453125,0.3671875,0.1875,0.34375,0.34765625,0.125,0.1015625,0.3046875,0.60546875,0.66796875,0.75390625,0.63671875,0.734375,0.828125,0.6953125,0.40625,0.23046875,0.12109375,0.0078125,0.03515625,0.1953125,0.1640625,0.1640625,0.15234375,0.33984375,0.70703125,0.9609375,0.9921875],
	"PRESSURE":[
		102266.81,102280.44,102410.0,102521.06,102614.5,102672.375,102697.31,102755.375,102782.19,102795.75,102823.125,102782.31,102724.75,102688.0,102735.875,102782.31,102725.25,102704.69,102756.06,102759.125,102803.94,102797.19,102786.81,102738.0,102676.94,102633.81,102599.625,102582.69,102603.06,102612.625,102625.25,102627.625,102622.44,102615.94,102637.81,102618.375,102563.94,102517.5,102473.875,102385.56,102301.69,102264.875,102232.81,102230.06,102190.06,102120.94,102052.06,101913.56,101771.06,101610.81,101530.125,101435.25,101377.5,101295.875,101180.69],
	"WIND_DIRECTION":[
		125.81363,125.46044,122.1228,112.74082,115.04472,119.549034,95.40835,101.270645,91.049355,51.774868,33.511745,345.26794,331.5177,342.3301,56.53334,73.73136,57.744347,64.753456,61.82615,54.16566,55.8248,56.543964,62.24799,65.79053,68.649536,67.389145,66.687096,63.21541,61.189358,56.7623,57.252834,56.400055,56.740185,57.31233,55.029892,51.149055,48.056767,45.512623,51.755917,46.881363,55.67007,52.494392,47.53915,44.39768,41.38852,40.838444,39.481186,41.36875,43.84458,47.875713,51.92768,48.33945,49.822075,46.788223,36.330814],
	"WIND_GUST_DIRECTION":[
		125.82648,126.34477,125.43385,121.774445,112.56516,115.47032,118.9438,94.612595,102.0872,88.62656,50.439182,345.15085,340.05365,331.4373,354.13074,73.95717,21.449034,32.43282,64.2427,54.16905,55.82635,56.58533,62.23963,65.80214,68.55154,67.61065,67.44756,64.51172,62.715862,61.184483,56.199455,57.037098,56.41791,56.896133,55.498913,54.78173,48.070786,45.51802,45.611694,46.852715,49.9958,56.14487,51.991234,48.155952,41.387794,40.854973,39.614483,39.368256,42.953827,47.891235,49.375896,51.615314,49.790653,46.831657,43.848843],
	"PRECIPITATION_TOTAL":[
		0.0012807846,0.0012807846,0.0026644468,4.5216084E-4,4.386902E-5,-1.3542175E-4,-1.4305115E-5,7.2956085E-5,3.5762787E-5,1.7166138E-5,-2.0599365E-4,1.5735626E-4,4.2915344E-5,-1.8882751E-4,1.1777878E-4,1.16825104E-4,-2.3269653E-4,1.487732E-4,-1.0681152E-4,5.4359436E-5,2.0313263E-4,-2.7751923E-4,2.2888184E-5,0.0,0.0,4.7683716E-6,2.193451E-5,4.7683716E-6,1.9073486E-6,9.536743E-7,2.002716E-5,9.250641E-5,-6.0081482E-5,-1.039505E-4,2.2411346E-4,1.18255615E-4,-4.9877167E-4,6.1035156E-5,1.9073486E-6,-1.9073486E-6,3.8146973E-6,0.0,0.0,0.0,0.0,0.0,1.5068054E-4,7.6293945E-5,1.9359589E-4,-5.8460236E-4,4.7683716E-6,1.9073486E-6,9.536743E-7,1.5258789E-5,9.536743E-7],
	"WIND_GUST_SPEED":[
		13.5159235,14.887874,13.867004,10.830988,7.7277126,6.2436175,3.9470482,2.4713194,2.1030238,1.138994,0.8687614,1.2102475,1.2668593,0.92526776,0.7734789,1.078413,1.7676055,2.2899773,3.5458684,7.938832,9.552541,10.960019,12.193259,12.631067,13.1529,13.186651,13.321528,13.2439575,13.123101,11.7431135,11.197987,11.404822,11.324624,11.214615,11.103603,11.024109,10.897388,11.624584,11.550589,12.705569,13.040912,12.224015,10.677024,9.62486,9.496803,11.787241,13.177192,13.081649,13.386572,14.006045,14.161397,13.746816,13.885449,15.837128,16.420366],
	"APPARENT_TEMPERATURE":[
		2.2041078,1.8032289,3.931305,4.732184,4.724078,4.596686,3.4814515,2.7023988,4.1180725,4.712311,1.7030334,3.3439026,3.4327698,3.243805,0.99942017,4.1229553,2.9586487,1.6725159,0.18482053,-0.43822622,-0.58432007,0.9042053,1.7462463,2.900055,3.653473,4.134918,4.0802307,2.5839906,3.1056213,2.7101135,2.5184631,2.4015198,2.2865295,2.1546936,1.8919983,2.639801,2.6161194,1.5951233,1.5201721,1.5018616,1.7123108,2.8607483,2.7601624,3.3828187,2.8490295,3.1300354,4.589264,5.9239807,5.744147,6.21485,5.9887757,5.201422,4.3012757,2.6981993,2.5939512],
	"HUMIDITY":[0.8193934,0.7897473,0.7565489,0.74052423,0.73872477,0.74940133,0.78412884,0.76320976,0.68184686,0.6240606,0.7643897,0.6503007,0.63910615,0.64658314,0.81580484,0.6255404,0.71777,0.7601557,0.79508007,0.80864656,0.84348476,0.7886747,0.6979862,0.6082822,0.5250212,0.4717825,0.43796068,0.43984526,0.47300476,0.5046129,0.5234731,0.52479565,0.52567124,0.5325449,0.5357552,0.5355536,0.54392457,0.5716968,0.6212551,0.6594709,0.6792856,0.68278706,0.6842363,0.68503135,0.65964097,0.5854929,0.52023035,0.4905036,0.45010364,0.40950698,0.37683165,0.36583072,0.36479533,0.37736648,0.43132478],
	"CLOUDS_MEDIUM":[0.96095276,0.9609375,0.6015625,0.4140625,0.5546875,0.6875,0.68359375,0.65625,0.5625,0.55078125,0.62109375,0.73828125,0.80859375,0.83203125,0.68359375,0.1171875,0.3046875,0.8203125,0.4609375,0.2421875,0.3359375,0.05078125,0.4140625,0.546875,0.4296875,0.50390625,0.56640625,0.625,0.71484375,0.79296875,0.92578125,0.9296875,0.85546875,0.671875,0.125,0.3984375,0.5859375,0.515625,0.58984375,0.6796875,0.66015625,0.41015625,0.09765625,0.0,0.0,0.0,0.0,0.0,0.0,0.0,0.0,0.0234375,0.0234375,0.39453125,0.53125],
	"WIND_SPEED":[6.680929,6.983847,5.443813,3.8942676,3.2965379,2.30186,1.6792023,1.6264592,0.96050906,0.71887934,0.52238125,0.9888512,0.76973635,0.59778595,0.46009564,0.88373584,1.1738517,1.4985328,2.464376,4.186745,4.799119,5.4158063,6.0054555,6.218748,6.4721828,6.495133,6.2647605,6.502856,5.877695,5.5836473,5.576557,5.6730237,5.6144342,5.528805,5.5399275,5.2222195,5.460053,5.8036046,5.6625285,6.325174,6.146053,5.3748355,4.9163594,4.398077,4.764567,5.82385,6.429189,6.3184175,6.5395207,6.9022775,6.816318,6.58797,6.921056,7.8811846,7.60987],
	"CLOUDS_TOTAL":[0.99232394,0.9923706,0.7384186,0.58595276,0.69532776,0.8164215,0.84776306,0.84091187,0.8377228,0.83006287,0.86486816,0.91156006,0.93751526,0.949234,0.902359,0.64845276,0.449234,0.9301758,0.63705444,0.4570923,0.35939026,0.19532776,0.41407776,0.54689026,0.43751526,0.67970276,0.7539215,0.7382965,0.777359,0.81251526,0.9415436,0.9417572,0.85943604,0.68751526,0.30471802,0.6601715,0.7893677,0.80470276,0.7851715,0.84376526,0.8789215,0.714859,0.40626526,0.23048401,0.12110901,0.007827759,0.03517151,0.19532776,0.16407776,0.16407776,0.15235901,0.35157776,0.714859,0.96095276,0.99220276],
	"PRECIPITATION_SNOW":[0.0,0.0,0.0,0.0,0.0,0.0,0.0,0.0,0.0,0.0,0.0,0.0,0.0,0.0,0.0,0.0,0.0,0.0,0.0,0.0,0.0,0.0,0.0,0.0,0.0,0.0,0.0,0.0,0.0,0.0,0.0,0.0,0.0,0.0,0.0,0.0,0.0,0.0,0.0,0.0,0.0,0.0,0.0,0.0,0.0,0.0,0.0,0.0,0.0,0.0,0.0,0.0,0.0,0.0,0.0],
	"TEMPERATURE":[7.8041077,7.4032288,7.431305,7.332184,6.5240784,5.696686,4.5814514,3.8023987,4.6180725,5.212311,2.2030334,3.8439026,3.9327698,3.743805,0.99942017,4.6229553,3.4586487,2.1725159,1.2848206,2.1617737,2.91568,4.4042053,6.2462463,7.400055,8.153473,8.634918,8.580231,8.1839905,7.6056213,7.2101135,7.018463,6.90152,6.7865295,6.6546936,6.3919983,6.139801,6.1161194,6.0951233,6.020172,6.0018616,6.212311,6.3607483,6.2601624,5.9828186,6.3490295,7.6300354,9.089264,10.423981,11.344147,11.81485,11.588776,10.801422,9.901276,9.498199,9.393951]},
"forecastLength":55,
"weatherIconNames":["wi_cloud","wi_day_cloud","wi_night_cloud","wi_night_cloud","wi_night_cloud","wi_cloud","wi_cloud","wi_cloud","wi_cloud","wi_day_cloud","wi_day_cloud","wi_day_cloud","wi_day_cloud","wi_day_cloud","wi_night_cloud","wi_cloud","wi_night_cloud","wi_night_cloud","wi_night_cloud","wi_night_cloud","wi_night_cloud","wi_day_cloud","wi_day","wi_day","wi_day","wi_day_cloud","wi_cloud","wi_cloud"],
"rainIntensity5":4.0,"rainIntensity4":2.0,"rainIntensity3":0.8,"rainIntensity2":0.2,